,accelerometer_raw,time,iss_height,iss_coordinates
0,"{'x': 0.01791326717402527, 'y': 0.03313794947756234, 'z': 0.0129319997504353}",1735914170.740185,414539.9067644925,"-40.0301660926201, -72.82992378545022"
1,"{'x': 0.017792925949569115, 'y': 0.03304769390371765, 'z': 0.0129319997504353}",1735914171.74259,414537.07311208977,"-40.06817969996675, -72.76609078714144"
2,"{'x': 0.017672309958979816, 'y': 0.03295723225605968, 'z': 0.0129319997504353}",1735914172.741059,414534.24321239366,"-40.106031014133166, -72.70238807698355"
3,"{'x': 0.017551883535500235, 'y': 0.03286691278319133, 'z': 0.0129319997504353}",1735914173.7382998,414531.4155249168,"-40.14377052789065, -72.63873150474727"
4,"{'x': 0.017431057144358643, 'y': 0.03277629333572145, 'z': 0.0129319997504353}",1735914174.743628,414528.56094613596,"-40.18178806398088, -72.57446187534852"
5,"{'x': 0.0173240005970001, 'y': 0.03350545759920855, 'z': 0.01394382407188615}",1735914175.748357,414525.70662240265,"-40.21971735467711, -72.51019656081996"
6,"{'x': 0.0187190251393601, 'y': 0.033207566375312414, 'z': 0.013012757313179482}",1735914176.7545621,414522.8460225301,"-40.25762561392557, -72.44582156429524"
7,"{'x': 0.017529857502554567, 'y': 0.0335837733880875, 'z': 0.013508224177218786}",1735914177.749156,414520.006882355,"-40.295176193444256, -72.38191001421316"
8,"{'x': 0.018942821225068067, 'y': 0.03300729620243966, 'z': 0.012866357585279193}",1735914178.752606,414517.144663268,"-40.33293096760579, -72.31750573807535"
9,"{'x': 0.018235951440588868, 'y': 0.03306809808185535, 'z': 0.012232024211115683}",1735914179.753024,414514.2854624848,"-40.370567042280115, -72.25315831350443"
10,"{'x': 0.019230362640958926, 'y': 0.0330024911977174, 'z': 0.013584654593582317}",1735914180.757478,414511.40933589445,"-40.40832621439037, -72.18845355763204"
11,"{'x': 0.018131931337336944, 'y': 0.03262006925606123, 'z': 0.012780136378863834}",1735914181.757727,414508.5440161231,"-40.44586464787129, -72.12398049295932"
12,"{'x': 0.018252916895552314, 'y': 0.03204100049604471, 'z': 0.013137498723618642}",1735914182.76728,414505.6510069391,"-40.483688207467154, -72.0588691449145"
13,"{'x': 0.01943044140986831, 'y': 0.03296467587196114, 'z': 0.0141519997268915}",1735914183.773546,414502.76262374443,"-40.52137116914604, -71.99385075678572"
14,"{'x': 0.019020526343626883, 'y': 0.03151615499495484, 'z': 0.012297522743716122}",1735914184.7743092,414499.88730880595,"-40.55879261361993, -71.92913557903603"
15,"{'x': 0.01775453548975847, 'y': 0.03320190116522472, 'z': 0.014094535560389972}",1735914185.7822359,414496.9903595728,"-40.5964247914767, -71.86390644940614"
16,"{'x': 0.02020417350795954, 'y': 0.033628933114402154, 'z': 0.014333781186899801}",1735914186.784769,414494.1022295878,"-40.63385698410016, -71.79887444376716"
17,"{'x': 0.018949447424221853, 'y': 0.03318034368864543, 'z': 0.013994207309918055}",1735914187.7898722,414491.2082661375,"-40.67127447888911, -71.73371816573648"
18,"{'x': 0.018715829392668103, 'y': 0.03311182866624348, 'z': 0.013853701735523248}",1735914188.790803,414488.32169874996,"-40.70853355500379, -71.66868814419772"
19,"{'x': 0.0185439996421337, 'y': 0.03255021980497786, 'z': 0.012249110258395183}",1735914189.793727,414485.4174761318,"-40.74589879112297, -71.60332212990662"
20,"{'x': 0.01890572314820062, 'y': 0.03257542550239539, 'z': 0.013919404923839253}",1735914190.79351,414482.5262186345,"-40.78304782707393, -71.5381839370317"
21,"{'x': 0.018665897269886107, 'y': 0.03335486007025489, 'z': 0.012858861117951348}",1735914191.79231,414479.6365968722,"-40.820080397712786, -71.47309992369053"
22,"{'x': 0.019347859257248214, 'y': 0.0339160002768039, 'z': 0.0124439997598528}",1735914192.796486,414476.72590136185,"-40.85731187214634, -71.40751454274454"
23,"{'x': 0.01845658720076225, 'y': 0.032025941236837246, 'z': 0.012593355750733098}",1735914193.803872,414473.8065760738,"-40.894626506997284, -71.34162915194074"
24,"{'x': 0.01737246085883725, 'y': 0.032825228760985384, 'z': 0.014248920373877809}",1735914194.80052,414470.91453930875,"-40.931437954495046, -71.2764808376568"
25,"{'x': 0.017853863553055748, 'y': 0.032270793906545796, 'z': 0.013134136780253353}",1735914195.80544,414467.9915914558,"-40.9685863907239, -71.21058289160129"
26,"{'x': 0.019081486538885493, 'y': 0.032452382190202474, 'z': 0.01224834194952799}",1735914196.807583,414465.0798755658,"-41.00553236369545, -71.14489061536689"
27,"{'x': 0.01827716090329554, 'y': 0.033229674984056295, 'z': 0.013369117692138529}",1735914197.808185,414462.1659332016,"-41.0424343356761, -71.07912297811777"
28,"{'x': 0.01944871887548076, 'y': 0.033671997487545, 'z': 0.013705123820578017}",1735914198.809917,414459.2458150337,"-41.079314615149826, -71.01323981886945"
29,"{'x': 0.019000792068417063, 'y': 0.03303173599241405, 'z': 0.013511735787939762}",1735914199.812416,414456.3237114469,"-41.116169756883906, -70.94724676856116"
30,"{'x': 0.01752972624560198, 'y': 0.03290459537188527, 'z': 0.013134854584596772}",1735914200.816258,414453.3933752658,"-41.153032703513304, -70.88108412537876"
31,"{'x': 0.018800323252578, 'y': 0.03254467078636909, 'z': 0.013466334981674025}",1735914201.815655,414450.47581698676,"-41.18968442166186, -70.81514548039783"
32,"{'x': 0.019220401293477546, 'y': 0.03361639843390925, 'z': 0.014026901378723703}",1735914202.818142,414447.5433982538,"-41.22643639245632, -70.74887033586407"
33,"{'x': 0.017903064661446547, 'y': 0.033016467498822866, 'z': 0.012611532260091722}",1735914203.8162298,414444.62487247837,"-41.262956719874715, -70.68285721208433"
34,"{'x': 0.01719561933193158, 'y': 0.0320539265326578, 'z': 0.01162215926203598}",1735914204.8267379,414441.66737404367,"-41.2998734564709, -70.6159689559084"
35,"{'x': 0.017667561254930964, 'y': 0.03250668568040011, 'z': 0.011983342732594604}",1735914205.822367,414438.7495630222,"-41.336245938277166, -70.54991003960755"
36,"{'x': 0.019016736702692556, 'y': 0.03189542086280173, 'z': 0.012123685405727846}",1735914206.824067,414435.8125275268,"-41.372767547846294, -70.48342286618467"
37,"{'x': 0.01904073443490267, 'y': 0.032443263706904236, 'z': 0.013472408354099012}",1735914207.8273962,414432.8694515645,"-41.40930794643194, -70.41674278026527"
38,"{'x': 0.01812934561910313, 'y': 0.0341599993407726, 'z': 0.013957382486705312}",1735914208.8325849,414429.92071681924,"-41.44585564411686, -70.34988972095587"
39,"{'x': 0.017562911845338557, 'y': 0.032892218191875315, 'z': 0.012401306038281944}",1735914209.834712,414426.9734245797,"-41.48228841638087, -70.2830871052141"
40,"{'x': 0.0187879987061023, 'y': 0.0327511182890734, 'z': 0.0131759997457265}",1735914210.8350332,414424.03221879725,"-41.51858951582166, -70.2163664001615"
41,"{'x': 0.01855244836088734, 'y': 0.033962215507652264, 'z': 0.010706678996858107}",1735914211.8438709,414421.06552194053,"-41.555154756680736, -70.14899835676916"
42,"{'x': 0.01861935818950321, 'y': 0.03282732910411559, 'z': 0.013626686232043477}",1735914212.842867,414418.1228476171,"-41.59133374090968, -70.08218121146732"
43,"{'x': 0.0192760005593299, 'y': 0.03317719691630833, 'z': 0.013162394807199133}",1735914213.847081,414415.16524637653,"-41.627640517579046, -70.0149664367408"
44,"{'x': 0.017727644783967024, 'y': 0.0319383771096369, 'z': 0.012561466049720806}",1735914214.853355,414412.2032832335,"-41.663964381042305, -69.94755712851777"
45,"{'x': 0.01813595978810483, 'y': 0.03179995786523534, 'z': 0.01200518731436453}",1735914215.851687,414409.2590223889,"-41.69996140928234, -69.88059273016165"
46,"{'x': 0.018405588065887823, 'y': 0.032069586829114594, 'z': 0.012993825590745333}",1735914216.855357,414406.2962397063,"-41.73614476941721, -69.81311866654605"
47,"{'x': 0.01867551665122486, 'y': 0.03233951610131206, 'z': 0.01398356499622526}",1735914217.8630311,414403.3209602978,"-41.77239919159944, -69.74534724707189"
48,"{'x': 0.017799544444621247, 'y': 0.0334279984235763, 'z': 0.012303476256079948}",1735914218.868025,414400.3549758148,"-41.80849706800641, -69.67770362278385"
49,"{'x': 0.0193159216808703, 'y': 0.0324519984424114, 'z': 0.011871687985430951}",1735914219.865317,414397.4067296344,"-41.84427724021466, -69.61049212858937"
50,"{'x': 0.018602504327549906, 'y': 0.0336004152099071, 'z': 0.012457077625297613}",1735914220.8716831,414394.43182311876,"-41.880358761629076, -69.54254910226102"
51,"{'x': 0.018542359262223935, 'y': 0.03367528197265471, 'z': 0.013423282363482331}",1735914221.871914,414391.4715926502,"-41.916183006753634, -69.4749252472003"
52,"{'x': 0.017937949165450082, 'y': 0.033058049880570754, 'z': 0.012042674521932929}",1735914222.870812,414388.5176862392,"-41.95188559178273, -69.40736627468112"
53,"{'x': 0.019068924958448134, 'y': 0.031172626116331772, 'z': 0.012540299015974286}",1735914223.870304,414385.55822989176,"-41.987565194743766, -69.33968554902711"
54,"{'x': 0.01866447790234893, 'y': 0.0322079993784427, 'z': 0.012235448437419957}",1735914224.873448,414382.5848544785,"-42.0233631541054, -69.2716133790641"
55,"{'x': 0.01781959428616105, 'y': 0.03269220342206712, 'z': 0.011982584132083432}",1735914225.8780758,414379.6093004567,"-42.05913276345274, -69.20342717506807"
56,"{'x': 0.019604563474149822, 'y': 0.0323142900614529, 'z': 0.013006870587077944}",1735914226.8811579,414376.635770382,"-42.094816828857304, -69.13523582856882"
57,"{'x': 0.0185439996421337, 'y': 0.033711261752548426, 'z': 0.012821819602383419}",1735914227.886998,414373.6623754041,"-42.13050333724284, -69.06687084344262"
58,"{'x': 0.017234487364774082, 'y': 0.032374754496940265, 'z': 0.014100503828762236}",1735914228.890203,414370.6776945154,"-42.166144765372835, -68.99842261489175"
59,"{'x': 0.01908647267450735, 'y': 0.034756382517516234, 'z': 0.012742472796935252}",1735914229.891937,414367.7045836259,"-42.2016466675966, -68.93007288963332"
60,"{'x': 0.018737759194354255, 'y': 0.03273330945052897, 'z': 0.01112351770296236}",1735914230.894699,414364.72905451717,"-42.23711511186705, -68.86161774638468"
61,"{'x': 0.019296284263683284, 'y': 0.03180113296199728, 'z': 0.013501729482113282}",1735914231.89889,414361.748925868,"-42.27260387266027, -68.7929525334861"
62,"{'x': 0.017939437799228776, 'y': 0.03276515587696245, 'z': 0.01325798298964512}",1735914232.90418,414358.7661131215,"-42.30806055426753, -68.72417774647094"
63,"{'x': 0.018906554795867097, 'y': 0.0326960012316703, 'z': 0.014789154913355904}",1735914233.899429,414355.80298119393,"-42.34319751663617, -68.65585290381439"
64,"{'x': 0.017996133122523086, 'y': 0.0324519984424114, 'z': 0.014091226282156281}",1735914234.904097,414352.8199900631,"-42.378541553748924, -68.58695348768015"
65,"{'x': 0.01864585398801351, 'y': 0.032973951614676464, 'z': 0.0141859511755181}",1735914235.908772,414349.83274621906,"-42.41387113193753, -68.5179089673287"
66,"{'x': 0.017877624054691354, 'y': 0.03340175052684889, 'z': 0.013921124611286532}",1735914236.9135401,414346.8467328279,"-42.44913991097121, -68.4488094709278"
67,"{'x': 0.0178119987249374, 'y': 0.03214946844443589, 'z': 0.014221550275627175}",1735914237.922625,414343.84768344805,"-42.48451745718729, -68.37932142404199"
68,"{'x': 0.01923693995801944, 'y': 0.033105878753345475, 'z': 0.013595516113833939}",1735914238.924206,414340.8679925969,"-42.519588248528166, -68.31026146216972"
69,"{'x': 0.019245517448550426, 'y': 0.03286882787146674, 'z': 0.012728690543176905}",1735914239.927335,414337.88597325946,"-42.55464842883867, -68.24104779678066"
70,"{'x': 0.018801729568557857, 'y': 0.03357236081211702, 'z': 0.012299639233957282}",1735914240.920073,414334.92726666346,"-42.58935798511827, -68.17235336400299"
71,"{'x': 0.018741293917966712, 'y': 0.033272257758068496, 'z': 0.013591363319210717}",1735914241.9302971,414331.92474355234,"-42.62456729458582, -68.10249303292713"
72,"{'x': 0.01873828287238926, 'y': 0.03337828258986326, 'z': 0.0143959997221827}",1735914242.9278579,414328.95723460685,"-42.65930453405815, -68.03339382651079"
73,"{'x': 0.01815511677834684, 'y': 0.03240244006817346, 'z': 0.01436742761878589}",1735914243.9339578,414325.96166741475,"-42.69430135182142, -67.9636009408727"
74,"{'x': 0.019245837729414805, 'y': 0.0331839993596077, 'z': 0.01223016133992182}",1735914244.934549,414322.9844169274,"-42.72905094030556, -67.89412396994658"
75,"{'x': 0.01779460472750238, 'y': 0.033649337067384426, 'z': 0.012358623311135165}",1735914245.933146,414320.0110840405,"-42.76369285574801, -67.82468557754521"
76,"{'x': 0.018943980989533555, 'y': 0.032685971272192436, 'z': 0.012111981457335776}",1735914246.941195,414317.01267761324,"-42.798592250961256, -67.75455164158079"
77,"{'x': 0.018343461085205615, 'y': 0.0319640003144741, 'z': 0.012286922641287928}",1735914247.945706,414314.0243997022,"-42.833318642843, -67.68458556665979"
78,"{'x': 0.01761360894722069, 'y': 0.032940000295639, 'z': 0.01342265913740118}",1735914248.944546,414311.0492755086,"-42.86783385214118, -67.61486621027856"
79,"{'x': 0.019538698966131942, 'y': 0.03271469988654666, 'z': 0.011693299671812507}",1735914249.951026,414308.0528392833,"-42.902562085246394, -67.54453562274556"
80,"{'x': 0.01967940038591598, 'y': 0.03270579463808189, 'z': 0.0146399997174739}",1735914250.957184,414305.05725547543,"-42.9372154269182, -67.47417473736432"
81,"{'x': 0.017939096729201198, 'y': 0.03383528922901431, 'z': 0.013454322546900868}",1735914251.962267,414302.0689715622,"-42.97174699539026, -67.40387922284978"
82,"{'x': 0.01777374829909865, 'y': 0.03384741536026658, 'z': 0.014335337041039828}",1735914252.961926,414299.09306430246,"-43.00611676370506, -67.33373173253045"
83,"{'x': 0.019046125853072318, 'y': 0.03310737484748035, 'z': 0.012611374950547845}",1735914253.967081,414296.1020576998,"-43.04057961129011, -67.26321153576845"
84,"{'x': 0.019459367257693483, 'y': 0.03342946802512454, 'z': 0.012413683577050246}",1735914254.966433,414293.1251379835,"-43.07481732717475, -67.19296975308009"
85,"{'x': 0.017297257798007233, 'y': 0.03326899460654404, 'z': 0.014221239764796022}",1735914255.973035,414290.1337563865,"-43.10920624165718, -67.12223381260551"
86,"{'x': 0.018257326944655945, 'y': 0.03309599692916761, 'z': 0.014149343209740348}",1735914256.974147,414287.151991531,"-43.143433574265124, -67.05164607905536"
87,"{'x': 0.019417730873740945, 'y': 0.03346477603372939, 'z': 0.013910686339897513}",1735914257.978784,414284.16459020844,"-43.17768896113693, -66.98081544036229"
88,"{'x': 0.018461040558824846, 'y': 0.033625643326899844, 'z': 0.013424876995653043}",1735914258.98115,414281.18238396035,"-43.21182968640827, -66.9100365930014"
89,"{'x': 0.018501322397521423, 'y': 0.03305689641855954, 'z': 0.0124439997598528}",1735914259.98251,414278.20531445247,"-43.24587114371011, -66.8392782592974"
90,"{'x': 0.018515454480588677, 'y': 0.03259472468595379, 'z': 0.014066363915393471}",1735914260.98365,414275.2283227502,"-43.27986110918212, -66.76844125476028"
91,"{'x': 0.01812250783786347, 'y': 0.03336149049111886, 'z': 0.014861966962807336}",1735914261.986719,414272.24989372736,"-43.313846878428, -66.69742635397678"
92,"{'x': 0.018706078039017176, 'y': 0.033756569701822794, 'z': 0.014561607718930121}",1735914262.9931571,414269.25770370016,"-43.34793308113321, -66.6260130034654"
93,"{'x': 0.0190319996327161, 'y': 0.03225778126986342, 'z': 0.01267140581244964}",1735914264.000417,414266.2647550434,"-43.38198824630254, -66.55447492648683"
94,"{'x': 0.01838182623786186, 'y': 0.03212395343027234, 'z': 0.013745826327328394}",1735914265.001368,414263.29319381935,"-43.4157745482073, -66.4833130740095"
95,"{'x': 0.018809459692749362, 'y': 0.03238761581012636, 'z': 0.0129319997504353}",1735914266.0016158,414260.320777517,"-43.449492027221844, -66.4121077987185"
96,"{'x': 0.018922443603880082, 'y': 0.03273088833470267, 'z': 0.013639110962365097}",1735914267.003648,414257.3469382421,"-43.48322089689747, -66.34068904144435"
97,"{'x': 0.019028490533093745, 'y': 0.03365445206979613, 'z': 0.014378454291040016}",1735914268.0088818,414254.3646257881,"-43.51699717093558, -66.26897889239982"
98,"{'x': 0.019970637471528597, 'y': 0.03304624087118255, 'z': 0.013807602191299138}",1735914269.0085251,414251.39693917695,"-43.55053851622524, -66.19757720278588"
99,"{'x': 0.01971932966906525, 'y': 0.03222586706756214, 'z': 0.014360264480341521}",1735914270.011347,414248.42161482945,"-43.584148869649496, -66.12583720836939"
100,"{'x': 0.01890112290744948, 'y': 0.03256512350732186, 'z': 0.0131759997457265}",1735914271.014733,414245.4473831923,"-43.61771248477428, -66.05400460228277"
101,"{'x': 0.017906759475875004, 'y': 0.033661930092371534, 'z': 0.011706964841034907}",1735914272.015624,414242.48012660496,"-43.6511516600438, -65.98224597437923"
102,"{'x': 0.01830442226392071, 'y': 0.032694895797573544, 'z': 0.013168261795654009}",1735914273.020662,414239.50593414786,"-43.684650782960716, -65.91016500829345"
103,"{'x': 0.01877853345270232, 'y': 0.03240698682870292, 'z': 0.01338445317276469}",1735914274.025389,414236.5302789888,"-43.71811765725054, -65.83795864756577"
104,"{'x': 0.018771409310813933, 'y': 0.03246858809098071, 'z': 0.014085641892457078}",1735914275.033535,414233.54889023764,"-43.751619926335096, -65.76547970928262"
105,"{'x': 0.018679198152458082, 'y': 0.03265093460286175, 'z': 0.012387991465537776}",1735914276.0369651,414230.58075276477,"-43.78493736581647, -65.69320472624936"
106,"{'x': 0.01895556092271749, 'y': 0.032558812741800565, 'z': 0.013769803558757338}",1735914277.034881,414227.62795037817,"-43.81801953481096, -65.62124560881165"
107,"{'x': 0.019232060568258758, 'y': 0.03246664525518103, 'z': 0.015152300027515457}",1735914278.046634,414224.64810059173,"-43.851440394500386, -65.54835175466691"
108,"{'x': 0.01881275943398577, 'y': 0.03334111140245646, 'z': 0.012022177036806447}",1735914279.043062,414221.69387564017,"-43.88444113860855, -65.4761776889726"
109,"{'x': 0.0180559996515512, 'y': 0.0327911796810184, 'z': 0.012454727456038593}",1735914280.042811,414218.74174362404,"-43.91742439546826, -65.40384552319749"
110,"{'x': 0.018291531751518274, 'y': 0.031741169559507405, 'z': 0.012002578138042605}",1735914281.046261,414215.7788451651,"-43.95049265866293, -65.3311286506003"
111,"{'x': 0.019426285754329756, 'y': 0.033277713610992236, 'z': 0.013733521619001982}",1735914282.046207,414212.830234462,"-43.983377224666235, -65.25861759704193"
112,"{'x': 0.01938841480076692, 'y': 0.0323421940314844, 'z': 0.01208758509404952}",1735914283.046599,414209.88003193605,"-44.016242403191804, -65.18595064574856"
113,"{'x': 0.019241282785141426, 'y': 0.03319557189210876, 'z': 0.013652427159636616}",1735914284.056042,414206.90985946456,"-44.04931358261974, -65.11262648517679"
114,"{'x': 0.018419871053910863, 'y': 0.03360567904313978, 'z': 0.014458064016294105}",1735914285.057472,414203.95953482355,"-44.0821086658048, -65.03971337459788"
115,"{'x': 0.0167751741905847, 'y': 0.032940000295639, 'z': 0.013999354301240746}",1735914286.062073,414201.00528451795,"-44.11493430060719, -64.96653052432853"
116,"{'x': 0.01725103131486198, 'y': 0.0331965467831376, 'z': 0.012906904807590689}",1735914287.0640378,414198.05909915135,"-44.14762669355867, -64.89344276979973"
117,"{'x': 0.017611884766499733, 'y': 0.03342068426723861, 'z': 0.013649371367798655}",1735914288.068326,414195.1075360187,"-44.18034363313927, -64.82009707320512"
118,"{'x': 0.01848482258725401, 'y': 0.033723885504962844, 'z': 0.014403290594461122}",1735914289.078799,414192.1453991078,"-44.21316529029104, -64.74631119058712"
119,"{'x': 0.018118422137902282, 'y': 0.0334279984235763, 'z': 0.012903634879300137}",1735914290.079991,414189.2044191373,"-44.24571197873152, -64.67293897683538"
120,"{'x': 0.01942218444057915, 'y': 0.03299868922606236, 'z': 0.012805378064011596}",1735914291.0823722,414186.26622077334,"-44.27821410048176, -64.59946271720523"
121,"{'x': 0.01931667353355058, 'y': 0.03305691572525133, 'z': 0.01358775683466156}",1735914292.084278,414183.32788440434,"-44.310658368665436, -64.52591210089999"
122,"{'x': 0.0190319996327161, 'y': 0.033318366627656144, 'z': 0.012871838669143007}",1735914293.0887392,414180.38618341106,"-44.34312256592548, -64.45210982904861"
123,"{'x': 0.01875033999183129, 'y': 0.033659444614730125, 'z': 0.014564682193105498}",1735914294.084217,414177.4740841027,"-44.375228373822026, -64.37891785336656"
124,"{'x': 0.01815953260757054, 'y': 0.03394263819806091, 'z': 0.013857745462902202}",1735914295.08898,414174.53854226606,"-44.40757294023035, -64.30497465904634"
125,"{'x': 0.01919066280240418, 'y': 0.03298888322106944, 'z': 0.011492442172725692}",1735914296.091546,414171.6077406603,"-44.439830989752664, -64.23102105536044"
126,"{'x': 0.018262816503042054, 'y': 0.032470590621900074, 'z': 0.012255775664355218}",1735914297.0872161,414168.7012760552,"-44.4717998965901, -64.15752386239782"
127,"{'x': 0.017472145299993445, 'y': 0.03359359883286199, 'z': 0.012740290296749703}",1735914298.096159,414165.7689163406,"-44.50403498910227, -64.08320523110172"
128,"{'x': 0.018476852248377907, 'y': 0.0338527547463927, 'z': 0.01350003261756606}",1735914299.0994601,414162.8389961333,"-44.53621174992272, -64.00880993950312"
129,"{'x': 0.01943455397190682, 'y': 0.03301476528137395, 'z': 0.014098596194771638}",1735914300.099942,414159.9267438747,"-44.568163564726675, -63.93472462030078"
130,"{'x': 0.018343249001277376, 'y': 0.03403025341113406, 'z': 0.014238496903266942}",1735914301.1043048,414157.0047739796,"-44.600198803026366, -63.86023427910294"
131,"{'x': 0.018989286655371675, 'y': 0.0342230016351133, 'z': 0.013409855649057003}",1735914302.1067982,414154.09414599184,"-44.63210003170142, -63.78584361502292"
132,"{'x': 0.018785188284136507, 'y': 0.03318540457059059, 'z': 0.01244540497619926}",1735914303.106,414151.1906371119,"-44.66386757110895, -63.7115531517597"
133,"{'x': 0.01866990222141885, 'y': 0.03324304760194941, 'z': 0.012503048227576394}",1735914304.107092,414148.287144422,"-44.69562703492832, -63.63706914963345"
134,"{'x': 0.01855439228600665, 'y': 0.0333008025696555, 'z': 0.012560803415728053}",1735914305.110239,414145.3825086188,"-44.72738525168196, -63.56237427585529"
135,"{'x': 0.018439179923069707, 'y': 0.03335840875112396, 'z': 0.012618409817074176}",1735914306.108895,414142.49039823277,"-44.75896601814929, -63.48788334665529"
136,"{'x': 0.018323897677143975, 'y': 0.03341604987408681, 'z': 0.012676051160048066}",1735914307.112898,414139.58932096214,"-44.790645127029904, -63.412945210503345"
137,"{'x': 0.018741453339807895, 'y': 0.032922545761071245, 'z': 0.013878908877666197}",1735914308.1218188,414136.67583507067,"-44.82242282824264, -63.337555811711354"
138,"{'x': 0.01809846393834142, 'y': 0.03201174427372887, 'z': 0.012979743891924493}",1735914309.1248379,414133.7841591475,"-44.85395331148625, -63.26253562222647"
139,"{'x': 0.01880268154713963, 'y': 0.033624665803118924, 'z': 0.014072017336431479}",1735914310.1222131,414130.9082591811,"-44.88527061795097, -63.187806945782526"
140,"{'x': 0.018481066977617568, 'y': 0.0335814642878187, 'z': 0.01397093263632468}",1735914311.126821,414128.01608499786,"-44.91675085865919, -63.11247137130022"
141,"{'x': 0.01819251693636315, 'y': 0.03308670547208258, 'z': 0.014308895999184775}",1735914312.1335309,414125.1218770021,"-44.94823932540108, -63.03689586902184"
142,"{'x': 0.01803129789787223, 'y': 0.03301309964793238, 'z': 0.012077497930514347}",1735914313.131789,414122.2499446903,"-44.979448792536296, -62.96177116441576"
143,"{'x': 0.018406091459599407, 'y': 0.03283390914424568, 'z': 0.013975181366201718}",1735914314.138259,414119.3653675145,"-45.01079833188254, -62.8860884700606"
144,"{'x': 0.01847227271947666, 'y': 0.03325572628226464, 'z': 0.012702408958141303}",1735914315.142085,414116.48964341136,"-45.04203075501663, -62.8104669335488"
145,"{'x': 0.0180559996515512, 'y': 0.034455931645683766, 'z': 0.014258807262478001}",1735914316.147603,414113.61323310656,"-45.07324799885322, -62.734659630597825"
146,"{'x': 0.017499439482232534, 'y': 0.0334279984235763, 'z': 0.014280479682712755}",1735914317.1515431,414110.7423441494,"-45.10439672015559, -62.658795468419484"
147,"{'x': 0.01922032443071864, 'y': 0.03300277506856939, 'z': 0.012917799640729243}",1735914318.156845,414107.8700954644,"-45.13550481831701, -62.58280613410453"
148,"{'x': 0.01861040722012144, 'y': 0.032873592717651196, 'z': 0.013220776246639084}",1735914319.1571069,414105.0142714426,"-45.16643050862148, -62.50703884417862"
149,"{'x': 0.019431479077623128, 'y': 0.033095479151805926, 'z': 0.012355479214177347}",1735914320.15772,414102.1667488433,"-45.19726838794632, -62.431263228063656"
150,"{'x': 0.018218513777957426, 'y': 0.033021940981920135, 'z': 0.012443770954170921}",1735914321.159449,414099.3172249655,"-45.228098283619765, -62.35528262832022"
151,"{'x': 0.01849700369363013, 'y': 0.03329666284616815, 'z': 0.012415674290198938}",1735914322.165695,414096.4589913512,"-45.259013128158486, -62.27886560189266"
152,"{'x': 0.01909917156867588, 'y': 0.03310089628698074, 'z': 0.013430620089378857}",1735914323.170281,414093.6116139948,"-45.289821011290584, -62.202485186037336"
153,"{'x': 0.01945773781792539, 'y': 0.0331839993596077, 'z': 0.012993251971062342}",1735914324.169738,414090.7765750454,"-45.320420890629826, -62.12639379831324"
154,"{'x': 0.019137649723304295, 'y': 0.0331839993596077, 'z': 0.013057269638856308}",1735914325.1711402,414087.94328011497,"-45.35102048369975, -62.05007564602854"
155,"{'x': 0.018816957214372584, 'y': 0.0331839993596077, 'z': 0.013121408189604673}",1735914326.174758,414085.1083876099,"-45.381616553178375, -61.973537249212974"
156,"{'x': 0.02000267460116813, 'y': 0.03283611424967339, 'z': 0.012708776916754662}",1735914327.171227,414082.2931704466,"-45.4119739581403, -61.89736795111523"
157,"{'x': 0.0178119987249374, 'y': 0.03302577017552169, 'z': 0.014143475100953566}",1735914328.181688,414079.4485194087,"-45.44266142094297, -61.82013811545841"
158,"{'x': 0.017994354937735706, 'y': 0.03280258964402364, 'z': 0.013633177379401258}",1735914329.1782131,414076.6455186762,"-45.47286371763682, -61.74389952365069"
159,"{'x': 0.020172784770032575, 'y': 0.03319035232161809, 'z': 0.013221961070754953}",1735914330.179533,414073.8293506638,"-45.5032064016897, -61.66707541209383"
160,"{'x': 0.018758350791048123, 'y': 0.03310076304370782, 'z': 0.011920641017368592}",1735914331.183806,414071.0155524699,"-45.53353456978242, -61.5900548924812"
161,"{'x': 0.01917986195581008, 'y': 0.03235830034439205, 'z': 0.012934437273842815}",1735914332.188451,414068.20256416796,"-45.56379718356283, -61.512966842096496"
162,"{'x': 0.019006767905616482, 'y': 0.03295261611103538, 'z': 0.012006463223469642}",1735914333.188182,414065.40554115234,"-45.593917223946704, -61.43600819857672"
163,"{'x': 0.018389447661061237, 'y': 0.032495402383964304, 'z': 0.014019149209518907}",1735914334.195968,414062.59200217936,"-45.624187527171216, -61.35842896686057"
164,"{'x': 0.018791019382541345, 'y': 0.03221202694190384, 'z': 0.014885006603630483}",1735914335.193353,414059.80813366576,"-45.65410283919777, -61.28152476928898"
165,"{'x': 0.01831916447879101, 'y': 0.033659221586303974, 'z': 0.01243761178485005}",1735914336.2038789,414057.0038590985,"-45.684262679514475, -61.203753994846174"
166,"{'x': 0.0178932021613113, 'y': 0.03285869998086936, 'z': 0.013501398486137699}",1735914337.205097,414054.2160861708,"-45.714225846922815, -61.126252053807505"
167,"{'x': 0.019326692224339775, 'y': 0.0331839993596077, 'z': 0.012213742967882156}",1735914338.207724,414051.4349929503,"-45.74410165026435, -61.048737871677716"
168,"{'x': 0.019841023198426913, 'y': 0.03346650986228149, 'z': 0.012970511336135134}",1735914339.2101738,414048.65722006577,"-45.77392683844356, -60.97111602210527"
169,"{'x': 0.0187879987061023, 'y': 0.03292600620645763, 'z': 0.01271598541437389}",1735914340.212571,414045.8841551851,"-45.8036956965261, -60.8934009240187"
170,"{'x': 0.017105833594613692, 'y': 0.03245716528247586, 'z': 0.013435500083721595}",1735914341.219584,414043.1074303335,"-45.83351260523333, -60.81531841805958"
171,"{'x': 0.019176050757093, 'y': 0.03328394835768686, 'z': 0.013530734575089805}",1735914342.2211971,414040.3474572576,"-45.86311938535142, -60.73754481424301"
172,"{'x': 0.01844897618361353, 'y': 0.03249258730409237, 'z': 0.013013172403467761}",1735914343.223885,414037.5878208414,"-45.892730589674116, -60.65951724622057"
173,"{'x': 0.01910496594516458, 'y': 0.03233627550227203, 'z': 0.011827723808646407}",1735914344.225415,414034.8374639606,"-45.92222793657073, -60.58154695738376"
174,"{'x': 0.01884066151785589, 'y': 0.03253450407495918, 'z': 0.011629495488164884}",1735914345.2310688,414032.08232558763,"-45.95178029638246, -60.50318649849381"
175,"{'x': 0.018577417068188752, 'y': 0.03273193766340371, 'z': 0.011432062150914522}",1735914346.2261372,414029.35739880305,"-45.9809838364653, -60.42550851671394"
176,"{'x': 0.01831271685900704, 'y': 0.03293046307287329, 'z': 0.01123353699402823}",1735914347.235086,414026.6018253732,"-46.010522615432244, -60.34669183848696"
177,"{'x': 0.01843966037531605, 'y': 0.03261439483634491, 'z': 0.012943773896408372}",1735914348.238215,414023.86719457136,"-46.039829900577985, -60.26824551096657"
178,"{'x': 0.018663010508555563, 'y': 0.034772989391546986, 'z': 0.013181977099666358}",1735914349.244017,414021.13571191195,"-46.06912476471923, -60.18958437868651"
179,"{'x': 0.01796218528238242, 'y': 0.033521813150824746, 'z': 0.0131759997457265}",1735914350.239178,414018.4277914387,"-46.09811047423818, -60.11150745427013"
180,"{'x': 0.019032337099259725, 'y': 0.033428335887543834, 'z': 0.013420337206273307}",1735914351.2436512,414015.70630985947,"-46.127266364498915, -60.032723494322205"
181,"{'x': 0.0192760005593299, 'y': 0.033671997487545, 'z': 0.012379093617122257}",1735914352.2520351,414012.97887686116,"-46.15648376188518, -59.95352129313457"
182,"{'x': 0.018696490423109568, 'y': 0.0324519984424114, 'z': 0.01166624495338724}",1735914353.2557282,414010.26982624,"-46.18549745888555, -59.874619711264145"
183,"{'x': 0.01866891290457441, 'y': 0.03341009492770205, 'z': 0.01244982597158959}",1735914354.257022,414007.57145906996,"-46.2143934592948, -59.795787137140536"
184,"{'x': 0.017538073209445497, 'y': 0.03264248246573931, 'z': 0.013068963439503813}",1735914355.259818,414004.8749554226,"-46.24327146440217, -59.71675142951112"
185,"{'x': 0.017786728764972188, 'y': 0.032721271191635565, 'z': 0.013342225432940289}",1735914356.265141,414002.1793814934,"-46.27214161744169, -59.63748323819775"
186,"{'x': 0.01811653550810992, 'y': 0.032070865940083515, 'z': 0.014296236528482503}",1735914357.265267,413999.5007161363,"-46.30083074743695, -59.558458592958615"
187,"{'x': 0.01719144242528986, 'y': 0.033374816429699104, 'z': 0.012290328459347025}",1735914358.270032,413996.81444548775,"-46.32957857801734, -59.479016841136"
188,"{'x': 0.01803084031117021, 'y': 0.032940000295639, 'z': 0.012381101408900384}",1735914359.271709,413994.14311065065,"-46.35817759298019, -59.39973067585548"
189,"{'x': 0.018049991078692297, 'y': 0.03244599136884107, 'z': 0.014741204409519218}",1735914360.2764502,413991.47044798324,"-46.38679078979031, -59.32014804069268"
190,"{'x': 0.01962381066750666, 'y': 0.03205745875649951, 'z': 0.012594540956396175}",1735914361.281857,413988.80125533696,"-46.41539072339049, -59.24034325949982"
191,"{'x': 0.01876548382177736, 'y': 0.03324656773895642, 'z': 0.012245031959443983}",1735914362.285206,413986.14085630194,"-46.44385154045137, -59.16066757311504"
192,"{'x': 0.018586515350411212, 'y': 0.03266457763291362, 'z': 0.012370063246786288}",1735914363.288241,413983.4897935095,"-46.47224572061803, -59.08091886709529"
193,"{'x': 0.018180435550483015, 'y': 0.03304982084262823, 'z': 0.012961224866385073}",1735914364.289006,413980.85012481845,"-46.500510962955744, -59.001272782453285"
194,"{'x': 0.01993722938803284, 'y': 0.03377692160551526, 'z': 0.013585306948193484}",1735914365.295747,413978.20175371907,"-46.528877751405645, -58.92107819026469"
195,"{'x': 0.0192760005593299, 'y': 0.03354706314287111, 'z': 0.013033455980840714}",1735914366.29951,413975.5658425893,"-46.557104750081116, -58.84101583383098"
196,"{'x': 0.01900498498934533, 'y': 0.03370587482170739, 'z': 0.011739015348672483}",1735914367.302742,413972.9384226514,"-46.5852494388278, -58.76092370921995"
197,"{'x': 0.018298784130657914, 'y': 0.0336732151799077, 'z': 0.012691645377013385}",1735914368.307926,413970.31135918107,"-46.61339446482511, -58.680565688089835"
198,"{'x': 0.018379778505551534, 'y': 0.033348220496189795, 'z': 0.011458669179455754}",1735914369.3005922,413967.720409033,"-46.641139797565934, -58.60108746873851"
199,"{'x': 0.018496251833695392, 'y': 0.033231747168045986, 'z': 0.012157511815728366}",1735914370.311465,413965.09652944264,"-46.669272071986214, -58.52023375431053"
200,"{'x': 0.019473102534160278, 'y': 0.033453826205454985, 'z': 0.013009483391818247}",1735914371.3161962,413962.4880023085,"-46.69724322038397, -58.43957437155009"
201,"{'x': 0.01899457451839676, 'y': 0.033334190220675276, 'z': 0.012182019946761895}",1735914372.318696,413959.8913891472,"-46.725059128553575, -58.35909475513051"
202,"{'x': 0.019252105559464387, 'y': 0.03307478905553554, 'z': 0.01382268410175277}",1735914373.3191721,413957.30887272046,"-46.752749609451705, -58.27871055587158"
203,"{'x': 0.01875326256706485, 'y': 0.03297473643467653, 'z': 0.010614209920861241}",1735914374.3197818,413954.73124622175,"-46.78039210812582, -58.19819731747789"
204,"{'x': 0.019431705220668713, 'y': 0.0331839993596077, 'z': 0.012464883107255574}",1735914375.3237782,413952.1526843312,"-46.80805257747497, -58.11736120713825"
205,"{'x': 0.0192760005593299, 'y': 0.03278373676199648, 'z': 0.012531735625057648}",1735914376.323442,413949.59071943216,"-46.83554385731356, -58.03674922771515"
206,"{'x': 0.01794966520254175, 'y': 0.03264591826367337, 'z': 0.01230633514489365}",1735914377.3246698,413947.0312403439,"-46.86301262928804, -57.95593190049581"
207,"{'x': 0.018262926741383682, 'y': 0.03337238809292362, 'z': 0.013401462893380353}",1735914378.327273,413944.47527522926,"-46.89044968798894, -57.87493490146093"
208,"{'x': 0.018710885202799118, 'y': 0.0327345579833219, 'z': 0.012944658352810943}",1735914379.3411741,413941.90155796084,"-46.91810577599507, -57.79301293931568"
209,"{'x': 0.01859020062675236, 'y': 0.032794900271345295, 'z': 0.012582603242744003}",1735914380.334017,413939.37741775933,"-46.94520043639599, -57.71248076773909"
210,"{'x': 0.018469121575409166, 'y': 0.032855439797016904, 'z': 0.01221936470227072}",1735914381.343692,413936.82883801585,"-46.97261020583987, -57.63073454859834"
211,"{'x': 0.018348575248037884, 'y': 0.03291571296070256, 'z': 0.011857724339813256}",1735914382.345904,413934.2991834117,"-46.999796244367815, -57.5493776373264"
212,"{'x': 0.01766623490838819, 'y': 0.033152312485721674, 'z': 0.0126879997551441}",1735914383.344852,413931.784770628,"-47.026830099817566, -57.46819938385465"
213,"{'x': 0.01884705231025308, 'y': 0.03272941977906831, 'z': 0.012384947087024657}",1735914384.347414,413929.2711465446,"-47.05387449027971, -57.38671104710242"
214,"{'x': 0.0178119987249374, 'y': 0.034021144511750596, 'z': 0.014797716671883147}",1735914385.3507562,413926.75940103055,"-47.08090593249299, -57.30498109731752"
215,"{'x': 0.017881144871721134, 'y': 0.03360484340804499, 'z': 0.013039697385281733}",1735914386.351084,413924.26312748564,"-47.10777877641107, -57.223450243514876"
216,"{'x': 0.018519617103351354, 'y': 0.032465315063125326, 'z': 0.013047341903385214}",1735914387.3568199,413921.76345491206,"-47.13471682478557, -57.14143857777468"
217,"{'x': 0.017863204093841577, 'y': 0.0334922634459503, 'z': 0.013150917704198848}",1735914388.361196,413919.27320587914,"-47.16155418662672, -57.05944932583963"
218,"{'x': 0.018232246303685563, 'y': 0.03387525872441201, 'z': 0.014156576181886172}",1735914389.366422,413916.78540805774,"-47.188375129117475, -56.977224500076304"
219,"{'x': 0.017493488427230624, 'y': 0.03202049611412467, 'z': 0.011177735841620334}",1735914390.373879,413914.30275606154,"-47.21516339135886, -56.89481230500727"
220,"{'x': 0.019286760336295533, 'y': 0.03359245796477985, 'z': 0.01242247769501234}",1735914391.3767092,413911.83813236724,"-47.24176868444176, -56.812676125802206"
221,"{'x': 0.01900973123598768, 'y': 0.03271826945840708, 'z': 0.012222268076294191}",1735914392.3754492,413909.38944277633,"-47.26821786752111, -56.730736084556135"
222,"{'x': 0.017509209776991518, 'y': 0.0334279984235763, 'z': 0.01283209865728858}",1735914393.377923,413906.93858500704,"-47.29469203454638, -56.64843082617487"
223,"{'x': 0.018015823185921143, 'y': 0.0339160002768039, 'z': 0.01322336258417415}",1735914394.386208,413904.4839448364,"-47.32123801122824, -56.56561070300853"
224,"{'x': 0.018672080221052923, 'y': 0.0334279984235763, 'z': 0.013407837600726273}",1735914395.388048,413902.05040397355,"-47.34756210906442, -56.48319195794385"
225,"{'x': 0.017612129021474777, 'y': 0.03359013177004197, 'z': 0.013742669577005779}",1735914396.392961,413899.6203062805,"-47.37387003877507, -56.40053195171309"
226,"{'x': 0.01798616056159961, 'y': 0.03301357337541953, 'z': 0.01254458665408938}",1735914397.397248,413897.1937766297,"-47.40015798869365, -56.31764072359262"
227,"{'x': 0.01878605993839347, 'y': 0.03366618118441851, 'z': 0.012926183425108505}",1735914398.397762,413894.78633022215,"-47.42625062621698, -56.23507219650741"
228,"{'x': 0.019195539828505387, 'y': 0.03383488439928368, 'z': 0.01399042497869116}",1735914399.403604,413892.37437911937,"-47.45241765577524, -56.151972372169205"
229,"{'x': 0.018756662513778624, 'y': 0.03372516381424025, 'z': 0.013441828335282673}",1735914400.4076831,413889.97489543597,"-47.478468078043576, -56.068945942026765"
230,"{'x': 0.01646608534579374, 'y': 0.034556157426112906, 'z': 0.013341276554325574}",1735914401.415978,413887.57591122907,"-47.50454259733868, -55.98554341754097"
231,"{'x': 0.019093698305479637, 'y': 0.03388514896002835, 'z': 0.012825424420980572}",1735914402.416825,413885.1988307205,"-47.53038066545152, -55.9025992218297"
232,"{'x': 0.018673215741320734, 'y': 0.033145738468706096, 'z': 0.012984694561026574}",1735914403.415617,413882.83410230716,"-47.55610171955951, -55.819733423657084"
233,"{'x': 0.018630384273025994, 'y': 0.033143078127329105, 'z': 0.013592769662247208}",1735914404.4226,413880.46077135863,"-47.58195028805269, -55.73615538027025"
234,"{'x': 0.01837140693732313, 'y': 0.03405212898261204, 'z': 0.012882166548055988}",1735914405.416497,413878.1218376027,"-47.60742534157548, -55.653486755372825"
235,"{'x': 0.01857848774705363, 'y': 0.0339160002768039, 'z': 0.012306046813620887}",1735914406.4219441,413875.7668110818,"-47.6331139928562, -55.569822440922906"
236,"{'x': 0.018154254986151516, 'y': 0.03406338346621956, 'z': 0.013321744406417483}",1735914407.426835,413873.4246452175,"-47.65869169541287, -55.48621491180712"
237,"{'x': 0.0186969753875823, 'y': 0.032934518436611764, 'z': 0.013674958992381199}",1735914408.42413,413871.10264745855,"-47.68405265910145, -55.40301309313223"
238,"{'x': 0.018324971887023565, 'y': 0.034940036714582456, 'z': 0.012102018086898226}",1735914409.4273841,413868.7783649106,"-47.7094708124025, -55.31931842235987"
239,"{'x': 0.018970030927075294, 'y': 0.03406704616404733, 'z': 0.012567937171134438}",1735914410.428972,413866.466408818,"-47.7347722184796, -55.23570193984103"
240,"{'x': 0.018352251915288165, 'y': 0.034874741838567015, 'z': 0.012600754369538295}",1735914411.435155,413864.1512071539,"-47.76016325402134, -55.151479294198566"
241,"{'x': 0.01945872015115646, 'y': 0.03233851334413832, 'z': 0.012112616647663207}",1735914412.432846,413861.8623162029,"-47.7852489061455, -55.06796189758794"
242,"{'x': 0.018450880641498243, 'y': 0.033126237145118434, 'z': 0.012705678791591894}",1735914413.4382389,413859.5659687667,"-47.81045929456977, -54.9837182442473"
243,"{'x': 0.01867695291937474, 'y': 0.033783044969679855, 'z': 0.01308686110927957}",1735914414.43753,413857.29246603174,"-47.83544174376697, -54.8999259165911"
244,"{'x': 0.0185439996421337, 'y': 0.0340810237430947, 'z': 0.012930230751378982}",1735914415.44013,413855.01997184043,"-47.86044797136517, -54.8157415774105"
245,"{'x': 0.019009769736810025, 'y': 0.033969246197425994, 'z': 0.013388984241154494}",1735914416.4390552,413852.76073767885,"-47.88531508214574, -54.73171290293903"
246,"{'x': 0.01903025535534449, 'y': 0.032364272019874664, 'z': 0.012851247636762054}",1735914417.441511,413850.50635818124,"-47.91017167794528, -54.64740524966205"
247,"{'x': 0.0187879987061023, 'y': 0.033671997487545, 'z': 0.011870453415746413}",1735914418.445865,413848.2559845746,"-47.93501172825523, -54.56283664637964"
248,"{'x': 0.0192146247639407, 'y': 0.03397737351248691, 'z': 0.012659561514573755}",1735914419.45773,413846.00370122393,"-47.959937403984476, -54.4776549234764"
249,"{'x': 0.01942493702642171, 'y': 0.03376706044726591, 'z': 0.011502844070928272}",1735914420.45153,413843.7865471279,"-47.984432077642204, -54.39362930647179"
250,"{'x': 0.018723533896948006, 'y': 0.032656835358110266, 'z': 0.013375116177314208}",1735914421.457314,413841.5607353111,"-48.00908305419336, -54.30874744769105"
251,"{'x': 0.017810130985571795, 'y': 0.034158131601406995, 'z': 0.012338093094085699}",1735914422.457999,413839.3531588951,"-48.033567850344895, -54.22411694845726"
252,"{'x': 0.01739830527968598, 'y': 0.03273728159693464, 'z': 0.013093438952172642}",1735914423.462216,413837.1496103382,"-48.0580475221498, -54.139181440641615"
253,"{'x': 0.017569996464962483, 'y': 0.0335489998665444, 'z': 0.011833001678798902}",1735914424.466339,413834.95092869404,"-48.082492695069554, -54.05404054361561"
254,"{'x': 0.01836497800918434, 'y': 0.03379286107103236, 'z': 0.01256258913105784}",1735914425.467818,413832.7686414679,"-48.10677421287092, -53.96914495248455"
255,"{'x': 0.01932629268391412, 'y': 0.03279658548083874, 'z': 0.011913169040158102}",1735914426.4678972,413830.59680419683,"-48.13096799266762, -53.88423116766197"
256,"{'x': 0.01916322139293881, 'y': 0.0341835842900201, 'z': 0.01284794534516989}",1735914427.468229,413828.43428035156,"-48.15511508589031, -53.799154690439565"
257,"{'x': 0.01855431119965709, 'y': 0.033300843410150965, 'z': 0.01397558347466352}",1735914428.4677289,413826.2825916506,"-48.17915660714595, -53.714122931748975"
258,"{'x': 0.017626921587354114, 'y': 0.03292337565269232, 'z': 0.011375832066799756}",1735914429.471173,413824.1350304681,"-48.203201551242884, -53.62874929583696"
259,"{'x': 0.019653429016406668, 'y': 0.03445928408424058, 'z': 0.01517371932705831}",1735914430.477689,413821.9888821767,"-48.227266159761534, -53.54297240817872"
260,"{'x': 0.019147380421489953, 'y': 0.03306672630289912, 'z': 0.013537271397132962}",1735914431.4814348,413819.8554328766,"-48.25120810170359, -53.45729847904627"
261,"{'x': 0.0192760005593299, 'y': 0.03313662713868148, 'z': 0.0147821169226991}",1735914432.488954,413817.7275869043,"-48.275142160158644, -53.371316202959086"
262,"{'x': 0.01760493004784973, 'y': 0.034049207616289615, 'z': 0.013641582908063807}",1735914433.491721,413815.617763179,"-48.29889834332117, -53.28563687791537"
263,"{'x': 0.017712837845891286, 'y': 0.03357674049912187, 'z': 0.014735257826463729}",1735914434.491202,413813.52641440334,"-48.3225201853509, -53.20010679780476"
264,"{'x': 0.017600908870311814, 'y': 0.03374463481693684, 'z': 0.014567363722260206}",1735914435.495256,413811.42955189914,"-48.34617449499135, -53.11412080909129"
265,"{'x': 0.017489080099008725, 'y': 0.0339123788275723, 'z': 0.014399619925044954}",1735914436.497979,413809.3505699611,"-48.36970921624904, -53.028230156457376"
266,"{'x': 0.017377312733780924, 'y': 0.03408003072862605, 'z': 0.014231968237294217}",1735914437.493037,413807.29149749654,"-48.39303403542241, -52.94276819176518"
267,"{'x': 0.0187452439873239, 'y': 0.0339587549955824, 'z': 0.012479199973757332}",1735914438.500044,413805.22436779813,"-48.416524136120515, -52.85635779344213"
268,"{'x': 0.017391127596422317, 'y': 0.03414881153600413, 'z': 0.014006557709764347}",1735914439.5023491,413803.1702082588,"-48.439874794322364, -52.77011589919878"
269,"{'x': 0.019435874596134193, 'y': 0.032266891852728324, 'z': 0.012746892454216927}",1735914440.5004642,413801.1358826498,"-48.46304301944391, -52.68420493308896"
270,"{'x': 0.0192637257030973, 'y': 0.0331839993596077, 'z': 0.010883297505385362}",1735914441.50412,413799.1027041876,"-48.48625617913208, -52.59778134154052"
271,"{'x': 0.018746114212384726, 'y': 0.03298188556080688, 'z': 0.012848228900354933}",1735914442.502742,413797.08771638287,"-48.50929215306602, -52.51167153783827"
272,"{'x': 0.018524865705490803, 'y': 0.03355956535302548, 'z': 0.01289491833656925}",1735914443.507356,413795.07095692435,"-48.532391519544404, -52.42497522957559"
273,"{'x': 0.0192760005593299, 'y': 0.03363109625912747, 'z': 0.013297295587416217}",1735914444.511533,413793.0715307072,"-48.555376960848164, -52.33835548223268"
274,"{'x': 0.01871538451934215, 'y': 0.03474677151490041, 'z': 0.012930047352301422}",1735914445.509065,413791.0846103384,"-48.578197851499404, -52.25200584390566"
275,"{'x': 0.01699191789508649, 'y': 0.032977714580511804, 'z': 0.013009958394769778}",1735914446.5163891,413789.0934471046,"-48.6011394769979, -52.16484419909796"
276,"{'x': 0.018897797666748078, 'y': 0.033049797455740056, 'z': 0.012846607008165457}",1735914447.518123,413787.1253049828,"-48.62387899647809, -52.07809532273882"
277,"{'x': 0.018954533687268276, 'y': 0.03386435605034551, 'z': 0.014126177712222238}",1735914448.521139,413785.1617991729,"-48.6465892481552, -51.991101555553975"
278,"{'x': 0.01736304511805455, 'y': 0.033301133518888824, 'z': 0.012609910414976297}",1735914449.522769,413783.2118650116,"-48.66918905918999, -51.90417339547502"
279,"{'x': 0.01740830046842936, 'y': 0.03343690026095574, 'z': 0.012519399368755412}",1735914450.520554,413781.2797063369,"-48.69163870586712, -51.81746607022206"
280,"{'x': 0.01745374032717013, 'y': 0.03357322053093756, 'z': 0.012428519304394101}",1735914451.5298262,413779.3383147425,"-48.71425853240777, -51.72973801330186"
281,"{'x': 0.01749899437302745, 'y': 0.03370898335943211, 'z': 0.01233801086721815}",1735914452.52762,413777.42731647205,"-48.73654237999159, -51.642952475504494"
282,"{'x': 0.017544396109670405, 'y': 0.03384518926253843, 'z': 0.01224720704734349}",1735914453.532671,413775.511398592,"-48.758944662966094, -51.5553411240671"
283,"{'x': 0.01813152753272551, 'y': 0.033225831180596806, 'z': 0.013251526824187017}",1735914454.5355809,413773.61749326397,"-48.78116226697193, -51.46808712123521"
284,"{'x': 0.01918994378764299, 'y': 0.03359201482464739, 'z': 0.012608015534892773}",1735914455.539066,413771.72281393444,"-48.80340842989398, -51.38035293377236"
285,"{'x': 0.016674670333534456, 'y': 0.03425069458803135, 'z': 0.013109380426609984}",1735914456.545187,413769.8389052364,"-48.82559349176643, -51.292488985272826"
286,"{'x': 0.019466747450283022, 'y': 0.033698623675681785, 'z': 0.013393373654510007}",1735914457.54515,413767.9796549778,"-48.84756060362724, -51.20511946809733"
287,"{'x': 0.019273143639188493, 'y': 0.0358580010131866, 'z': 0.013659714356096891}",1735914458.545834,413766.1261610043,"-48.86949372635197, -51.117515045225964"
288,"{'x': 0.019781569842365575, 'y': 0.03293414327374721, 'z': 0.013948999041332814}",1735914459.551289,413764.2729990345,"-48.89146710488039, -51.029374940419636"
289,"{'x': 0.019570783270402698, 'y': 0.03406173868711641, 'z': 0.012250782855395284}",1735914460.5535932,413762.43972334935,"-48.91327831085201, -50.941510156697184"
290,"{'x': 0.017408629271066154, 'y': 0.034046104598391566, 'z': 0.013449263288573873}",1735914461.5558028,413760.61969483906,"-48.934992947498344, -50.85365895909744"
291,"{'x': 0.01911084261771809, 'y': 0.03289310854370754, 'z': 0.013168528705441263}",1735914462.557848,413758.80447883945,"-48.95667714252813, -50.7655529474294"
292,"{'x': 0.01843526055332077, 'y': 0.03326356242354755, 'z': 0.012364436797140749}",1735914463.5573509,413757.00984164665,"-48.97820330210955, -50.67771130123184"
293,"{'x': 0.018298135324302457, 'y': 0.034398402657392475, 'z': 0.011965326002985843}",1735914464.559469,413755.2192872766,"-48.99972251953927, -50.58951757599098"
294,"{'x': 0.01769681417402878, 'y': 0.033468890276724506, 'z': 0.013230519802429746}",1735914465.565286,413753.43455481454,"-49.021239564196954, -50.500948182648415"
295,"{'x': 0.017383418943567694, 'y': 0.03436438612329749, 'z': 0.013898096661239272}",1735914466.567116,413751.6690112917,"-49.04259645168339, -50.41265345868245"
296,"{'x': 0.019400408753591794, 'y': 0.03312420299343166, 'z': 0.011907539501222157}",1735914467.570793,413749.90892117325,"-49.06392936086046, -50.32407101979894"
297,"{'x': 0.018913407544652403, 'y': 0.0322672951961478, 'z': 0.013697055667906837}",1735914468.56884,413748.17060288315,"-49.08506091103673, -50.23593918266737"
298,"{'x': 0.01814027504423525, 'y': 0.03356257260466567, 'z': 0.014067723820549839}",1735914469.574324,413746.4313593169,"-49.10627165800755, -50.14708677233416"
299,"{'x': 0.018226841086881832, 'y': 0.033879419460222264, 'z': 0.01302968448845051}",1735914470.573471,413744.7126133235,"-49.12729467230333, -50.05863051632862"
300,"{'x': 0.0180559996515512, 'y': 0.03510188326839446, 'z': 0.01292347073704954}",1735914471.578384,413742.9975407875,"-49.148345910595346, -49.96966168813474"
301,"{'x': 0.01876310121959581, 'y': 0.0339160002768039, 'z': 0.012533632678266095}",1735914472.583987,413741.2930828896,"-49.169321906882566, -49.88061432789406"
302,"{'x': 0.018300000578165, 'y': 0.03415983302675733, 'z': 0.013176665004326786}",1735914473.586684,413739.6051087848,"-49.19018153829139, -49.7916638429563"
303,"{'x': 0.017086152962620647, 'y': 0.03319015413256241, 'z': 0.013488891916788957}",1735914474.588201,413737.92778461054,"-49.21094970860422, -49.70270534414899"
304,"{'x': 0.017596882427900317, 'y': 0.03370088281808222, 'z': 0.013131381564009139}",1735914475.5957289,413736.257330441,"-49.23172298496962, -49.61332299379146"
305,"{'x': 0.01810864238408886, 'y': 0.034212641992937595, 'z': 0.012773149868143771}",1735914476.599859,413734.5994205578,"-49.252402041143334, -49.52394202080549"
306,"{'x': 0.01861905944689121, 'y': 0.034723058276457046, 'z': 0.012415858196931143}",1735914477.59869,413732.9634937955,"-49.27287602076485, -49.435045594051594"
307,"{'x': 0.019131058806377884, 'y': 0.035235056854245037, 'z': 0.01205745891888501}",1735914478.60705,413731.3254323915,"-49.29346921131193, -49.34522339084753"
308,"{'x': 0.01768544452143558, 'y': 0.033786406206910265, 'z': 0.011341444172406085}",1735914479.61038,413729.70499806927,"-49.31388510212286, -49.25576558991306"
309,"{'x': 0.017591566798388535, 'y': 0.034136432203352766, 'z': 0.011632970370302292}",1735914480.615783,413728.0943131371,"-49.33426877195453, -49.166037864761016"
310,"{'x': 0.018378062194581397, 'y': 0.03424787517190851, 'z': 0.014088655390581135}",1735914481.6121368,413726.51223416155,"-49.354348480427596, -49.07724166666289"
311,"{'x': 0.01877106928290741, 'y': 0.03366071123413415, 'z': 0.01319857233870543}",1735914482.622237,413724.91505544476,"-49.374713742188966, -48.98676559744172"
312,"{'x': 0.0187879987061023, 'y': 0.03401992049018553, 'z': 0.013767920346344747}",1735914483.618142,413723.35431142,"-49.394679223832604, -48.89765288958775"
313,"{'x': 0.018066985945147777, 'y': 0.033671997487545, 'z': 0.014330082212203523}",1735914484.623776,413721.79099957505,"-49.414760601126154, -48.80760563142495"
314,"{'x': 0.017713836910198285, 'y': 0.034550540999727174, 'z': 0.014347622482575251}",1735914485.6232839,413720.2487209821,"-49.43464228613588, -48.71803649272817"
315,"{'x': 0.01776296041269073, 'y': 0.0343249074193695, 'z': 0.012700259333205718}",1735914486.6322298,413718.7065018649,"-49.454629113646995, -48.62756994463167"
316,"{'x': 0.0185439996421337, 'y': 0.0341599993407726, 'z': 0.013619520816857642}",1735914487.6411772,413717.1890810604,"-49.474341980414444, -48.537922099027675"
317,"{'x': 0.017973021212352204, 'y': 0.03420148840201201, 'z': 0.012462276708499717}",1735914488.6387,413715.67179986474,"-49.49416531285785, -48.44734465896563"
318,"{'x': 0.019353857323274593, 'y': 0.0348920002579689, 'z': 0.012290196748355537}",1735914489.636846,413714.179217434,"-49.51372741202388, -48.357535590533054"
319,"{'x': 0.01809052027639395, 'y': 0.035537695953648744, 'z': 0.014082958477206}",1735914490.6446679,413712.688668301,"-49.5333681896728, -48.266934942600166"
320,"{'x': 0.01890124996510719, 'y': 0.03292258941652061, 'z': 0.013751136273140976}",1735914491.648291,413711.21407692425,"-49.55287683980417, -48.17651147772713"
321,"{'x': 0.0178119987249374, 'y': 0.03307531459583602, 'z': 0.014124286775653527}",1735914492.6465678,413709.7588442536,"-49.572210762396864, -48.08646738846955"
322,"{'x': 0.018806305160310274, 'y': 0.03507192694183026, 'z': 0.012779531676816176}",1735914493.654165,413708.30527120305,"-49.59161933953414, -47.99563904554939"
323,"{'x': 0.018329948871492474, 'y': 0.03463302681871656, 'z': 0.013863077120144056}",1735914494.713275,413706.8066628939,"-49.61194323887142, -47.9000521944622"
324,"{'x': 0.017647791896239988, 'y': 0.03350779065884759, 'z': 0.012467111638842655}",1735914495.6633759,413705.44147416484,"-49.63012149288065, -47.81413967260074"
325,"{'x': 0.017764799218506298, 'y': 0.033624797981113896, 'z': 0.010711995105751243}",1735914496.6831129,413704.03187188134,"-49.649219699542314, -47.72344965824804"
326,"{'x': 0.0185819494682264, 'y': 0.033671997487545, 'z': 0.013119965916292012}",1735914497.672229,413702.62926877604,"-49.66831165243373, -47.63234360938676"
327,"{'x': 0.018087047770816194, 'y': 0.03504285484563509, 'z': 0.014027807249831535}",1735914498.675578,413701.2444039915,"-49.68725478235227, -47.54150149102332"
328,"{'x': 0.018260113817131426, 'y': 0.03332828796413214, 'z': 0.013347855866357677}",1735914499.6771111,413699.8728860249,"-49.70611366078632, -47.45061603403009"
329,"{'x': 0.018250213686418926, 'y': 0.03394590317548643, 'z': 0.012344428333202989}",1735914500.679117,413698.5151946185,"-49.72488230920556, -47.35971637465212"
330,"{'x': 0.0178119987249374, 'y': 0.03380588042829084, 'z': 0.013839606595941847}",1735914501.68158,413697.16899492725,"-49.743591879752955, -47.26865105147737"
331,"{'x': 0.01970731713417468, 'y': 0.034273362879654636, 'z': 0.012472340644573317}",1735914502.6866791,413695.83379600296,"-49.76225687318642, -47.1773472169332"
332,"{'x': 0.01875414606683272, 'y': 0.03488071607359285, 'z': 0.014782441665744292}",1735914503.683893,413694.51992937253,"-49.780715768033396, -47.08659811438084"
333,"{'x': 0.01812432851472814, 'y': 0.034238081490187665, 'z': 0.012609917307696356}",1735914504.687435,413693.21195028396,"-49.79920096736823, -46.99526169694377"
334,"{'x': 0.017627214517271592, 'y': 0.03383536549115304, 'z': 0.011948860103261861}",1735914505.6904309,413691.91751943127,"-49.817601202292074, -46.90388375149947"
335,"{'x': 0.018314718245978263, 'y': 0.0342421033846831, 'z': 0.015107080671540561}",1735914506.7061791,413690.6216495174,"-49.83613930597595, -46.81134928157319"
336,"{'x': 0.016633465308060435, 'y': 0.03387453246936099, 'z': 0.013585862887126625}",1735914507.704512,413689.3592858525,"-49.85429847894016, -46.72024076536992"
337,"{'x': 0.01816064983929647, 'y': 0.03485730077061298, 'z': 0.012932551078778434}",1735914508.7027059,413688.1105373236,"-49.87237466941642, -46.62908471923043"
338,"{'x': 0.0175679996609687, 'y': 0.03334767837046904, 'z': 0.012604639988696728}",1735914509.7072692,413686.86699686694,"-49.89048884607516, -46.5372664197241"
339,"{'x': 0.01816855166469404, 'y': 0.033540549577523816, 'z': 0.01394579338800204}",1735914510.714926,413685.63340287964,"-49.90857508733645, -46.44511306325859"
340,"{'x': 0.0175520492423094, 'y': 0.034597323502341765, 'z': 0.01262137100364977}",1735914511.7118201,413684.42697727395,"-49.92637708495555, -46.353936350433806"
341,"{'x': 0.01839215225209731, 'y': 0.034523392155300946, 'z': 0.01287230380647804}",1735914512.7118568,413683.2291211979,"-49.94417300939812, -46.26231649820986"
342,"{'x': 0.017984874518312953, 'y': 0.032960349992999044, 'z': 0.01373512529637206}",1735914513.713121,413682.04238921736,"-49.96191850748315, -46.17047744430714"
343,"{'x': 0.0185439996421337, 'y': 0.03250322473796551, 'z': 0.012165848944308902}",1735914514.711513,413680.87288820255,"-49.97952828538702, -46.07886141198392"
344,"{'x': 0.018730926374943, 'y': 0.034576179314092195, 'z': 0.014008357611876496}",1735914515.7153301,413679.711955213,"-49.99714141225249, -45.9867434561587"
345,"{'x': 0.0187070606487372, 'y': 0.03386203908836695, 'z': 0.01336604041522595}",1735914516.718749,413678.5643622515,"-50.0146756579115, -45.89454983924978"
346,"{'x': 0.01887383864312294, 'y': 0.03446162116168038, 'z': 0.012328756876124843}",1735914517.787822,413677.35538058873,"-50.03328153551696, -45.79618109989577"
347,"{'x': 0.017848745275298315, 'y': 0.035091903439063175, 'z': 0.012724746277453484}",1735914518.7280588,413676.30737991293,"-50.04954671779695, -45.70972493621799"
348,"{'x': 0.01820630177352814, 'y': 0.03372860266753017, 'z': 0.012668491999559864}",1735914519.729433,413675.2039237284,"-50.06679791356127, -45.61754920505938"
349,"{'x': 0.018019305114656662, 'y': 0.03453818650647631, 'z': 0.012236693789279976}",1735914520.731389,413674.1134962337,"-50.0839862047493, -45.52521265244457"
350,"{'x': 0.018302624813873316, 'y': 0.033918624512512215, 'z': 0.013889630011526686}",1735914521.730516,413673.03846479417,"-50.10104535790202, -45.43307215459479"
351,"{'x': 0.017884181542365016, 'y': 0.03454836403959653, 'z': 0.01558854536166278}",1735914522.7341492,413671.97279613215,"-50.11810711680128, -45.34041429815104"
352,"{'x': 0.01823680243910546, 'y': 0.035534425936374237, 'z': 0.012877593448663334}",1735914523.734853,413670.92454196076,"-50.13503553511118, -45.247975715710616"
353,"{'x': 0.0192760005593299, 'y': 0.03502697762653326, 'z': 0.01296834026933405}",1735914524.7390568,413669.887120886,"-50.15193727652449, -45.155173566479924"
354,"{'x': 0.019101771357650767, 'y': 0.0341599993407726, 'z': 0.013070742228108891}",1735914525.7435882,413668.86257039406,"-50.168773058317996, -45.062220068910754"
355,"{'x': 0.019524517125131233, 'y': 0.033635205581082024, 'z': 0.013765344564145568}",1735914526.7457752,413667.85506115115,"-50.185482750862356, -44.96944825783399"
356,"{'x': 0.01818202832983576, 'y': 0.0336467918673372, 'z': 0.01241879404343741}",1735914527.74954,413666.86099906865,"-50.20212433575681, -44.87653737365421"
357,"{'x': 0.01815108596850403, 'y': 0.034534970962358816, 'z': 0.013158057625199938}",1735914528.748353,413665.8842230057,"-50.21862625635164, -44.78388874721496"
358,"{'x': 0.018964206611986518, 'y': 0.033414439881532476, 'z': 0.01339288255342666}",1735914529.755523,413664.9159953567,"-50.23515073879974, -44.69058909298698"
359,"{'x': 0.018062034602268788, 'y': 0.03268996441830761, 'z': 0.012608677864099822}",1735914530.7616482,413663.96091248916,"-50.25161149299035, -44.59711945226842"
360,"{'x': 0.017781602562556464, 'y': 0.03388543760252025, 'z': 0.013328642995976702}",1735914531.76291,413663.02492637676,"-50.267905563686824, -44.5040673572235"
361,"{'x': 0.018363942585133918, 'y': 0.0335239156174921, 'z': 0.01296004710938444}",1735914532.770155,413662.09879662056,"-50.28420201174919, -44.41046702361511"
362,"{'x': 0.017659955609616845, 'y': 0.034700724278258176, 'z': 0.013195616177921594}",1735914533.7698932,413661.19299386453,"-50.30030980903571, -44.31741645803565"
363,"{'x': 0.018604484955194227, 'y': 0.03399263390363113, 'z': 0.011911665155999401}",1735914534.775025,413660.2973974547,"-50.31641456786524, -44.22384448113503"
364,"{'x': 0.017200178388641317, 'y': 0.033468057894392375, 'z': 0.014399641975157033}",1735914535.777456,413659.41899065714,"-50.332390268308906, -44.130481386294846"
365,"{'x': 0.019490540958204947, 'y': 0.0350770819917502, 'z': 0.013370902028328663}",1735914536.780007,413658.5543798452,"-50.34829258017407, -44.037003467133225"
366,"{'x': 0.017589254122440605, 'y': 0.03411545055630421, 'z': 0.013487842427276233}",1735914537.789245,413657.7016652935,"-50.36417260499915, -43.943106458276695"
367,"{'x': 0.018185669201924777, 'y': 0.03300483482335819, 'z': 0.012329669314935178}",1735914538.785931,413656.8691680945,"-50.37985822304699, -43.849810502680846"
368,"{'x': 0.017014342901962687, 'y': 0.0346480011940002, 'z': 0.012415595394007061}",1735914539.794127,413656.0484663032,"-50.3955191005492, -43.75610899602552"
369,"{'x': 0.01784390063051203, 'y': 0.03370389939311963, 'z': 0.014236490803138487}",1735914540.7872279,413655.2460209716,"-50.41102763593069, -43.66276578659412"
370,"{'x': 0.018272074933860145, 'y': 0.03388513200904098, 'z': 0.011894263940662236}",1735914541.794576,413654.45250931423,"-50.42657242632145, -43.56864278233"
371,"{'x': 0.019368318496480706, 'y': 0.03532943820328392, 'z': 0.014748796891011662}",1735914542.797397,413653.6753501314,"-50.44200217773873, -43.47465103841096"
372,"{'x': 0.017420131835136046, 'y': 0.03362393205193849, 'z': 0.014911704422250514}",1735914543.801248,413652.91337640653,"-50.4573419260716, -43.38063988419849"
373,"{'x': 0.0190319996327161, 'y': 0.03384622604654821, 'z': 0.013176413774257675}",1735914544.804288,413652.16668186657,"-50.4725956018482, -43.28658548301947"
374,"{'x': 0.018435480584466292, 'y': 0.033744343710081226, 'z': 0.012859653804036008}",1735914545.808407,413651.435080723,"-50.48777391139896, -43.192421241804325"
375,"{'x': 0.018305175163239956, 'y': 0.03383121421194838, 'z': 0.012772783633743245}",1735914546.819444,413650.7142296133,"-50.50294988411152, -43.09768867193387"
376,"{'x': 0.018175067473828854, 'y': 0.03391795289226994, 'z': 0.012686045284492924}",1735914547.811904,413650.019105456,"-50.517807616654856, -43.004368349891635"
377,"{'x': 0.018044386830212894, 'y': 0.034005073543033365, 'z': 0.012598924966258673}",1735914548.818111,413649.331642166,"-50.53275304585334, -42.90991403054894"
378,"{'x': 0.017913929150219284, 'y': 0.03409204555100365, 'z': 0.012511953290250207}",1735914549.819401,413648.66083945293,"-50.547581121401144, -42.81561329848339"
379,"{'x': 0.018615782886329077, 'y': 0.033930377955594664, 'z': 0.011439242558461293}",1735914550.825208,413648.0038883916,"-50.56236201464909, -42.721019410695476"
380,"{'x': 0.017866638623287058, 'y': 0.034069559899857584, 'z': 0.011495319141739435}",1735914551.824419,413647.3647904502,"-50.576985986008715, -42.62683661634285"
381,"{'x': 0.01792316021122721, 'y': 0.035024838287517956, 'z': 0.013915226026719144}",1735914552.830647,413646.73862564284,"-50.59160473027642, -42.53208731130705"
382,"{'x': 0.018544194204082366, 'y': 0.03485728024478501, 'z': 0.013629087157079224}",1735914553.8281522,413646.1313226288,"-50.606028873196855, -42.43800064342653"
383,"{'x': 0.01757218695437762, 'y': 0.03367339325734213, 'z': 0.0131759997457265}",1735914554.836719,413645.5332049223,"-50.62052910387391, -42.34280751301817"
384,"{'x': 0.018179120295092922, 'y': 0.03387570514311434, 'z': 0.0131759997457265}",1735914555.837111,413644.9555593657,"-50.6348266376253, -42.24833523183096"
385,"{'x': 0.01878622398444823, 'y': 0.034078073811983293, 'z': 0.0131759997457265}",1735914556.845511,413644.38942460326,"-50.64914534526457, -42.15310503751867"
386,"{'x': 0.017385569485585645, 'y': 0.03275756779107985, 'z': 0.01153002503558642}",1735914557.850358,413643.84130554425,"-50.663313529409706, -42.0582559992267"
387,"{'x': 0.018074299124559923, 'y': 0.0331717997419784, 'z': 0.013044849999935377}",1735914558.8530471,413643.30885709386,"-50.677401867901985, -41.963318697176184"
388,"{'x': 0.0202520005404949, 'y': 0.034292855934924996, 'z': 0.012865571706908035}",1735914559.861377,413642.7896271981,"-50.69146246767961, -41.86793756899146"
389,"{'x': 0.018090402419520167, 'y': 0.03422256006972289, 'z': 0.013147841199689519}",1735914560.861207,413642.28996701294,"-50.705335596049856, -41.773198998523306"
390,"{'x': 0.01819270153362692, 'y': 0.03344332679164516, 'z': 0.011803970333434305}",1735914561.870079,413641.803049039,"-50.71923077246429, -41.67767157635499"
391,"{'x': 0.018556613259721137, 'y': 0.03419784038611526, 'z': 0.014318147554600976}",1735914562.86784,413641.3346999241,"-50.73291339231507, -41.58296938654998"
392,"{'x': 0.01790125511582348, 'y': 0.03478786787764223, 'z': 0.012214875810782505}",1735914563.870712,413640.88101392036,"-50.746569223122755, -41.48781126017882"
393,"{'x': 0.017799947945439255, 'y': 0.03454407738860186, 'z': 0.014371896300541306}",1735914564.872242,413640.44387364975,"-50.76012014361877, -41.392738644591674"
394,"{'x': 0.018656402080336597, 'y': 0.0339160002768039, 'z': 0.011520638469177464}",1735914565.8752372,413640.0219867843,"-50.77360470442074, -41.29748089796192"
395,"{'x': 0.01796229998105778, 'y': 0.03416974940732862, 'z': 0.01327945023527768}",1735914566.880787,413639.61496878054,"-50.78704583939303, -41.20187131844907"
396,"{'x': 0.0192760005593299, 'y': 0.033491336099312256, 'z': 0.012760689347303704}",1735914567.887533,413639.2235950592,"-50.800412242862194, -41.10612839784621"
397,"{'x': 0.018482021217250975, 'y': 0.0344039984047412, 'z': 0.012873935739490527}",1735914568.886006,413638.8516339147,"-50.813571787360544, -41.0112066048124"
398,"{'x': 0.017570677439827077, 'y': 0.03464264559540008, 'z': 0.012698710911460975}",1735914569.8839538,413638.49508633924,"-50.826664549015064, -40.91610311223255"
399,"{'x': 0.01761620599940035, 'y': 0.03455158778113982, 'z': 0.01288082584486776}",1735914570.893864,413638.1512580082,"-50.83981288444698, -40.819916625638086"
400,"{'x': 0.017661729482185574, 'y': 0.03446054012053316, 'z': 0.013062920471044855}",1735914571.893423,413637.8263119272,"-50.85275516858572, -40.72455921176206"
401,"{'x': 0.01770715279022117, 'y': 0.03436969281095519, 'z': 0.013244614396693994}",1735914572.897516,413637.51662707113,"-50.865656000635035, -40.6288238288983"
402,"{'x': 0.017752539178125835, 'y': 0.034278919342202764, 'z': 0.01342616064125573}",1735914573.898011,413637.22419225075,"-50.87843250094071, -40.533324847080756"
403,"{'x': 0.017797968513497023, 'y': 0.03418805997786159, 'z': 0.013607878676339266}",1735914574.9021819,413636.9470145661,"-50.891171789704096, -40.43740999228595"
404,"{'x': 0.018027090485113133, 'y': 0.03370090687466878, 'z': 0.013374909175356874}",1735914575.9037461,413636.686959402,"-50.903783996590626, -40.3417550603093"
405,"{'x': 0.018679503202985323, 'y': 0.03474029206111043, 'z': 0.012048292974995049}",1735914576.9014962,413636.4435995953,"-50.91628167550783, -40.24627042714676"
406,"{'x': 0.017471358653554717, 'y': 0.03436715903121514, 'z': 0.013383160226879135}",1735914577.906482,413636.2154755613,"-50.92876214438664, -40.150208929716264"
407,"{'x': 0.01925820450558137, 'y': 0.03384481978710003, 'z': 0.012295307078568279}",1735914578.913866,413636.0033417336,"-50.941194113889914, -40.053801974499635"
408,"{'x': 0.01691819266016818, 'y': 0.03421479542446983, 'z': 0.012959397687708835}",1735914579.9208908,413635.8079517575,"-50.95353366366935, -39.957387047331295"
409,"{'x': 0.018110756412539362, 'y': 0.0354347547288942, 'z': 0.013977647665912968}",1735914580.920395,413635.63078551734,"-50.965664217265335, -39.861886141301554"
410,"{'x': 0.01713823269941487, 'y': 0.03480465060329133, 'z': 0.013088650202183636}",1735914581.919679,413635.46944603126,"-50.977773814187124, -39.765823746240486"
411,"{'x': 0.01843399757880837, 'y': 0.033561995765188514, 'z': 0.014128005379927117}",1735914582.920152,413635.32469271234,"-50.98978259880489, -39.66982854954805"
412,"{'x': 0.0185179787892883, 'y': 0.0344039984047412, 'z': 0.011764040304117531}",1735914583.922209,413635.1963359981,"-51.00172902077858, -39.57359205658877"
413,"{'x': 0.018070840444751504, 'y': 0.034359476138431384, 'z': 0.012384636813633769}",1735914584.928122,413635.0845958898,"-51.01361622527226, -39.477083839051296"
414,"{'x': 0.019070678242248607, 'y': 0.03453196409328416, 'z': 0.011878642845468655}",1735914585.934908,413634.989661127,"-51.025414376300866, -39.38054343963263"
415,"{'x': 0.019548728381843405, 'y': 0.03320908797200278, 'z': 0.011275996458063254}",1735914586.936262,413634.9117818468,"-51.0371028818438, -39.28414149176302"
416,"{'x': 0.018486283554407755, 'y': 0.0356239974498748, 'z': 0.01411999778635662}",1735914587.944062,413634.850457117,"-51.04876234009748, -39.18720947461701"
417,"{'x': 0.018364081379801212, 'y': 0.03433991760310507, 'z': 0.012495754556267828}",1735914588.94316,413634.8064955991,"-51.060240678725904, -39.09101502128756"
418,"{'x': 0.017930635796814896, 'y': 0.034480848537015996, 'z': 0.013371483703089868}",1735914589.952084,413634.779275141,"-51.07170620357108, -38.99414932821422"
419,"{'x': 0.017997423767059643, 'y': 0.03406728596291499, 'z': 0.011297186481860906}",1735914590.9531038,413634.76916489186,"-51.08303050480317, -38.89769497984759"
420,"{'x': 0.018227774814467135, 'y': 0.03474754873057314, 'z': 0.013564450717059182}",1735914591.9560251,413634.7760976921,"-51.09431010281334, -38.800830771961365"
421,"{'x': 0.0186759133962768, 'y': 0.03397319039599265, 'z': 0.0114679997786879}",1735914592.963113,413634.8001781794,"-51.10551040487885, -38.70384813349125"
422,"{'x': 0.018113889066121203, 'y': 0.03397388924945987, 'z': 0.012489445732626512}",1735914593.96206,413634.8412526036,"-51.11656011042045, -38.607370142527955"
423,"{'x': 0.0187741275224401, 'y': 0.03421957438179955, 'z': 0.013235575225940549}",1735914594.966313,413634.8996247294,"-51.12756607395493, -38.51046569092742"
424,"{'x': 0.018948393775569387, 'y': 0.03378120171781524, 'z': 0.0119559997692704}",1735914595.963819,413634.9747490618,"-51.138417498485005, -38.414112771452245"
425,"{'x': 0.0194513052098457, 'y': 0.03361356393320295, 'z': 0.0119559997692704}",1735914596.964237,413635.0671513942,"-51.1492090179001, -38.31747537647529"
426,"{'x': 0.019954486598871987, 'y': 0.033445836163330536, 'z': 0.0119559997692704}",1735914597.963737,413635.176771807,"-51.15990800897164, -38.22084295279153"
427,"{'x': 0.018630399323954987, 'y': 0.03545119874578939, 'z': 0.013376799900107138}",1735914598.9646451,413635.3037293377,"-51.170530934487005, -38.12406589261426"
428,"{'x': 0.017729288555575158, 'y': 0.033597551469208044, 'z': 0.013031236075044373}",1735914599.974833,413635.4493836116,"-51.181164021153485, -38.026345356952866"
429,"{'x': 0.018990932404375556, 'y': 0.03440640145682597, 'z': 0.013903194863080996}",1735914600.971691,413635.6104929541,"-51.19157382399451, -37.92983110191749"
430,"{'x': 0.0185549882518539, 'y': 0.0336610107684314, 'z': 0.012571494055368186}",1735914601.9789782,413635.7905220804,"-51.20198972718845, -37.83240115217208"
431,"{'x': 0.017847598989222127, 'y': 0.03508259906139239, 'z': 0.0114679997786879}",1735914602.980754,413635.9874682727,"-51.21227735295328, -37.735305606765"
432,"{'x': 0.017877573151718205, 'y': 0.03362472120333912, 'z': 0.013955277197418492}",1735914603.98466,413636.2022223883,"-51.22249494735775, -37.6379972736498"
433,"{'x': 0.017940919717150474, 'y': 0.03487815930581585, 'z': 0.012430158754870177}",1735914604.9865432,413636.434332481,"-51.2326094148141, -37.5407907309032"
434,"{'x': 0.0190319996327161, 'y': 0.034082179722607124, 'z': 0.01393393957131881}",1735914605.994637,413636.68535501714,"-51.24269210793724, -37.44299443928533"
435,"{'x': 0.018090290138513782, 'y': 0.03463788889388741, 'z': 0.013210290809942342}",1735914606.999261,413636.95324520377,"-51.25264765502849, -37.345530792546825"
436,"{'x': 0.017303676261441154, 'y': 0.03493946028348789, 'z': 0.011691676706040696}",1735914607.9996018,413637.23821579915,"-51.2624882313485, -37.24828924757575"
437,"{'x': 0.01786374672621468, 'y': 0.03481437845356896, 'z': 0.012610378049502147}",1735914609.00643,413637.54195688054,"-51.27228413881127, -37.150572442848805"
438,"{'x': 0.018200878850046325, 'y': 0.03425151428152551, 'z': 0.01336663568696058}",1735914610.0047932,413637.8617131645,"-51.28192770008613, -37.05345717866834"
439,"{'x': 0.016628303001800404, 'y': 0.03427349776600456, 'z': 0.014509497142431936}",1735914611.012408,413638.20141361933,"-51.29155284735735, -36.955593495866786"
440,"{'x': 0.017205882402649156, 'y': 0.03431630125545721, 'z': 0.0134199997410178}",1735914612.012507,413638.5573226174,"-51.30103341752176, -36.858261936240915"
441,"{'x': 0.018638530919986813, 'y': 0.033671997487545, 'z': 0.012404403698120577}",1735914613.024603,413638.9308366541,"-51.31053059268057, -36.759799897433275"
442,"{'x': 0.018394253521385268, 'y': 0.035607268334894346, 'z': 0.013045634439146738}",1735914614.0119271,413639.3222556459,"-51.319723766671636, -36.66354801204391"
443,"{'x': 0.018476333474980813, 'y': 0.03482433409081601, 'z': 0.013762418187989619}",1735914615.0162182,413639.732621064,"-51.3289669825974, -36.56581113426978"
444,"{'x': 0.017726108381456624, 'y': 0.03450356202603864, 'z': 0.012416655722536231}",1735914616.020927,413640.16204521985,"-51.33813655358975, -36.46787282301659"
445,"{'x': 0.01763219187775367, 'y': 0.0348792294747339, 'z': 0.011853154549493308}",1735914617.023492,413640.6082923669,"-51.347192637112094, -36.37015990213357"
446,"{'x': 0.01812937860184123, 'y': 0.034794757418655224, 'z': 0.013431931173188215}",1735914618.029508,413641.0744772224,"-51.356193514740404, -36.27204168846112"
447,"{'x': 0.01873858330845762, 'y': 0.03449975424660954, 'z': 0.013413843869011831}",1735914619.0308201,413641.5561099216,"-51.36505786725952, -36.17440675450915"
448,"{'x': 0.01876548228884965, 'y': 0.03355562750404762, 'z': 0.013048370178106452}",1735914620.035449,413642.05805527384,"-51.37386657323138, -36.076366406944416"
449,"{'x': 0.017892204936754003, 'y': 0.034724819526717444, 'z': 0.01195430769236582}",1735914621.029092,413642.5733297637,"-51.382501802951026, -35.979240985774275"
450,"{'x': 0.018135815396374492, 'y': 0.034687908914087656, 'z': 0.013628644624718708}",1735914622.034552,413643.1118787496,"-51.39114023676613, -35.88104165187893"
451,"{'x': 0.01967472852692399, 'y': 0.033642240843149526, 'z': 0.01195005383777043}",1735914623.040309,413643.6683181054,"-51.39968181492976, -35.782890308550584"
452,"{'x': 0.01842445054718389, 'y': 0.03257154846244596, 'z': 0.013292279876594778}",1735914624.042573,413644.2427669373,"-51.40812158197926, -35.68484736031066"
453,"{'x': 0.018600741628178586, 'y': 0.03401814448394949, 'z': 0.014844289777831938}",1735914625.043205,413644.8339825034,"-51.416452357656944, -35.58700215448231"
454,"{'x': 0.0188082107402208, 'y': 0.0341599993407726, 'z': 0.012036847597156671}",1735914626.039721,413645.4419720729,"-51.42466713622764, -35.48944592981165"
455,"{'x': 0.019268229630021304, 'y': 0.0341599993407726, 'z': 0.01387691613300867}",1735914627.046687,413646.073460443,"-51.43287037579074, -35.39092783325483"
456,"{'x': 0.018044838941538525, 'y': 0.03425010378991927, 'z': 0.014651161358809176}",1735914628.0522182,413646.72305078676,"-51.44097136077133, -35.2925238910944"
457,"{'x': 0.018700081139759062, 'y': 0.034145346450334575, 'z': 0.01337604090191741}",1735914629.054571,413647.38886653795,"-51.448958058138906, -35.19438774494386"
458,"{'x': 0.01874096260791269, 'y': 0.03368493239132538, 'z': 0.01220411993506126}",1735914630.058493,413648.07478278695,"-51.456869969048434, -35.09603585157117"
459,"{'x': 0.017907183144003046, 'y': 0.03516583353383574, 'z': 0.014497223088875426}",1735914631.059026,413648.7773943893,"-51.46466589521851, -34.99798271240239"
460,"{'x': 0.017878817730787967, 'y': 0.03475329650394172, 'z': 0.013553634027428589}",1735914632.0664551,413649.50311930705,"-51.47242387996528, -34.89924075399645"
461,"{'x': 0.018267725157519246, 'y': 0.033865649518653715, 'z': 0.014317246742930872}",1735914633.070281,413650.2454324235,"-51.48007010962013, -34.80074240680619"
462,"{'x': 0.018385256545632847, 'y': 0.03366022925501608, 'z': 0.015072169561965838}",1735914634.076563,413651.007477894,"-51.48763822900963, -34.70205620551596"
463,"{'x': 0.01890369144768556, 'y': 0.03559876656298018, 'z': 0.011108307973135967}",1735914635.0734458,413651.78226853674,"-51.495049884576154, -34.60421685346629"
464,"{'x': 0.018800765238334072, 'y': 0.03470580957194632, 'z': 0.014607722320696818}",1735914636.0823119,413652.58462641615,"-51.502458554232575, -34.50519299053464"
465,"{'x': 0.017462746508114028, 'y': 0.03395426458959006, 'z': 0.011783759237251959}",1735914637.084367,413653.401175705,"-51.50973249757125, -34.406734762378"
466,"{'x': 0.0180559996515512, 'y': 0.03435276900633839, 'z': 0.012054987675516389}",1735914638.098149,413654.24460438057,"-51.516987219991655, -34.30727126549009"
467,"{'x': 0.018252516132682722, 'y': 0.034254968231737154, 'z': 0.013867094141452778}",1735914639.094466,413655.0950362001,"-51.524046006286795, -34.20923434143238"
468,"{'x': 0.017064393422537835, 'y': 0.03495104925042593, 'z': 0.014388196598258506}",1735914640.0974941,413655.9691772035,"-51.531055170406354, -34.110609179921795"
469,"{'x': 0.016862398867947454, 'y': 0.03446829892253196, 'z': 0.013701901256293178}",1735914641.10604,413656.8665083162,"-51.53800717132647, -34.01148129588395"
470,"{'x': 0.01867638518267957, 'y': 0.03436245607457024, 'z': 0.014780139230724756}",1735914642.100287,413657.77099794993,"-51.544775177583, -33.913676469406525"
